{
    "buttons": [
        {
            "type": "dropdown",
            "icon": "<svg xmlns=\"http://www.w3.org/2000/svg\" viewBox=\"0 0 448 512\"><!--!Font Awesome Free 6.7.2 by @fontawesome - https://fontawesome.com License - https://fontawesome.com/license/free Copyright 2025 Fonticons, Inc.--><path d=\"M96 0C43 0 0 43 0 96L0 416c0 53 43 96 96 96l288 0 32 0c17.7 0 32-14.3 32-32s-14.3-32-32-32l0-64c17.7 0 32-14.3 32-32l0-320c0-17.7-14.3-32-32-32L384 0 96 0zm0 384l256 0 0 64L96 448c-17.7 0-32-14.3-32-32s14.3-32 32-32zm32-240c0-8.8 7.2-16 16-16l192 0c8.8 0 16 7.2 16 16s-7.2 16-16 16l-192 0c-8.8 0-16-7.2-16-16zm16 48l192 0c8.8 0 16 7.2 16 16s-7.2 16-16 16l-192 0c-8.8 0-16-7.2-16-16s7.2-16 16-16z\"/></svg>",
            "items": [
                {
                    "label": "Download complete book",
                    "icon": "<svg xmlns=\"http://www.w3.org/2000/svg\" viewBox=\"0 0 512 512\"><!--!Font Awesome Free 6.7.2 by @fontawesome - https://fontawesome.com License - https://fontawesome.com/license/free Copyright 2025 Fonticons, Inc.--><path d=\"M288 32c0-17.7-14.3-32-32-32s-32 14.3-32 32l0 242.7-73.4-73.4c-12.5-12.5-32.8-12.5-45.3 0s-12.5 32.8 0 45.3l128 128c12.5 12.5 32.8 12.5 45.3 0l128-128c12.5-12.5 12.5-32.8 0-45.3s-32.8-12.5-45.3 0L288 274.7 288 32zM64 352c-35.3 0-64 28.7-64 64l0 32c0 35.3 28.7 64 64 64l384 0c35.3 0 64-28.7 64-64l0-32c0-35.3-28.7-64-64-64l-101.5 0-45.3 45.3c-25 25-65.5 25-90.5 0L165.5 352 64 352zm368 56a24 24 0 1 1 0 48 24 24 0 1 1 0-48z\"/></svg>",
                    "url": "https://ciem5000-2025.github.io/book/_static/book.zip"
                }
            ]
        }
    ]
}